product_name,message
Google Workspace (Enterprise Gmail),"Hello Marcus Lee, I'm Fred Thompson, an SDR with Google. I noticed you were exploring Google Workspace (Enterprise Gmail). We have several options that could fit your business needs. Would you have 15–20 mins this week to chat?

Sincerely,
Fred Thompson
SDR | Google"
Google Workspace (Enterprise Gmail),"Hi Fred Thompson—thanks for reaching out. Yes, we're interested. For context, I'm Marcus Lee, VP of Finance at FedEx. What Google Workspace (Enterprise Gmail) options do you recommend for a company in our industry? Also what does pricing generally look like?

Best,
Marcus Lee
VP of Finance | FedEx"
Google Workspace (Enterprise Gmail),"Appreciate the details, Marcus Lee. For Google Workspace (Enterprise Gmail), common starting points include a pilot for one team and a security/compliance review. I can loop in an AE for a quick discovery to tailor SKUs and pricing (incl. annual vs. monthly). Does Tuesday 2:00–2:30 PM work for a discovery call?

Sincerely,
Fred Thompson
SDR | Google"
Google Workspace (Enterprise Gmail),"Tuesday 2:00 PM works. Please send the calendar invite and any prep materials or a checklist for security review. If possible, include a quick comparison of tiers and a rough cost estimate.

Best,
Marcus Lee
VP of Finance | FedEx"
Gemini for Workspace,"Hello Priya Shah, I'm Anna Patel, an SDR with Google. I noticed you were exploring Gemini for Workspace. We have several options that could fit your business needs. Would you have 15–20 mins this week to chat?

Sincerely,
Anna Patel
SDR | Google"
Gemini for Workspace,"Hi Anna Patel—thanks for reaching out. Yes, we're interested. For context, I'm Priya Shah, CTO at BlueRiver Health. What Gemini for Workspace options do you recommend for a company in our industry? Also what does pricing generally look like?

Best,
Priya Shah
CTO | BlueRiver Health"
Gemini for Workspace,"Appreciate the details, Priya Shah. For Gemini for Workspace, common starting points include a pilot for one team and a security/compliance review. I can loop in an AE for a quick discovery to tailor SKUs and pricing (incl. annual vs. monthly). Does Tuesday 2:00–2:30 PM work for a discovery call?

Sincerely,
Anna Patel
SDR | Google"
Gemini for Workspace,"Tuesday 2:00 PM works. Please send the calendar invite and any prep materials or a checklist for security review. If possible, include a quick comparison of tiers and a rough cost estimate.

Best,
Priya Shah
CTO | BlueRiver Health"
Google Cloud Platform (GCP),"Hello Daniel Ortiz, I'm James Liu, an SDR with Google. I noticed you were exploring Google Cloud Platform (GCP). We have several options that could fit your business needs. Would you have 15–20 mins this week to chat?

Sincerely,
James Liu
SDR | Google"
Google Cloud Platform (GCP),"Hi James Liu—thanks for reaching out. Yes, we're interested. For context, I'm Daniel Ortiz, Head of Product at Nimbus Logistics. What Google Cloud Platform (GCP) options do you recommend for a company in our industry? Also what does pricing generally look like?

Best,
Daniel Ortiz
Head of Product | Nimbus Logistics"
Google Cloud Platform (GCP),"Appreciate the details, Daniel Ortiz. For Google Cloud Platform (GCP), common starting points include a pilot for one team and a security/compliance review. I can loop in an AE for a quick discovery to tailor SKUs and pricing (incl. annual vs. monthly). Does Tuesday 2:00–2:30 PM work for a discovery call?

Sincerely,
James Liu
SDR | Google"
Google Cloud Platform (GCP),"Tuesday 2:00 PM works. Please send the calendar invite and any prep materials or a checklist for security review. If possible, include a quick comparison of tiers and a rough cost estimate.

Best,
Daniel Ortiz
Head of Product | Nimbus Logistics"
Looker,"Hello Sofia Rossi, I'm Sophia Martinez, an SDR with Google. I noticed you were exploring Looker. We have several options that could fit your business needs. Would you have 15–20 mins this week to chat?

Sincerely,
Sophia Martinez
SDR | Google"
Looker,"Hi Sophia Martinez—thanks for reaching out. Yes, we're interested. For context, I'm Sofia Rossi, CIO at EuroBank Group. What Looker options do you recommend for a company in our industry? Also what does pricing generally look like?

Best,
Sofia Rossi
CIO | EuroBank Group"
Looker,"Appreciate the details, Sofia Rossi. For Looker, common starting points include a pilot for one team and a security/compliance review. I can loop in an AE for a quick discovery to tailor SKUs and pricing (incl. annual vs. monthly). Does Tuesday 2:00–2:30 PM work for a discovery call?

Sincerely,
Sophia Martinez
SDR | Google"
Looker,"Tuesday 2:00 PM works. Please send the calendar invite and any prep materials or a checklist for security review. If possible, include a quick comparison of tiers and a rough cost estimate.

Best,
Sofia Rossi
CIO | EuroBank Group"
Apigee API Management,"Hello Liam O'Connor, I'm Ethan Walker, an SDR with Google. I noticed you were exploring Apigee API Management. We have several options that could fit your business needs. Would you have 15–20 mins this week to chat?

Sincerely,
Ethan Walker
SDR | Google"
Apigee API Management,"Hi Ethan Walker—thanks for reaching out. Yes, we're interested. For context, I'm Liam O'Connor, Director of Engineering at SkyNet Retail. What Apigee API Management options do you recommend for a company in our industry? Also what does pricing generally look like?

Best,
Liam O'Connor
Director of Engineering | SkyNet Retail"
Apigee API Management,"Appreciate the details, Liam O'Connor. For Apigee API Management, common starting points include a pilot for one team and a security/compliance review. I can loop in an AE for a quick discovery to tailor SKUs and pricing (incl. annual vs. monthly). Does Tuesday 2:00–2:30 PM work for a discovery call?

Sincerely,
Ethan Walker
SDR | Google"
Apigee API Management,"Tuesday 2:00 PM works. Please send the calendar invite and any prep materials or a checklist for security review. If possible, include a quick comparison of tiers and a rough cost estimate.

Best,
Liam O'Connor
Director of Engineering | SkyNet Retail"
Vertex AI,"Hello Mei Lin, I'm Fred Thompson, an SDR with Google. I noticed you were exploring Vertex AI. We have several options that could fit your business needs. Would you have 15–20 mins this week to chat?

Sincerely,
Fred Thompson
SDR | Google"
Vertex AI,"Hi Fred Thompson—thanks for reaching out. Yes, we're interested. For context, I'm Mei Lin, Data Platform Lead at Phoenix Media. What Vertex AI options do you recommend for a company in our industry? Also what does pricing generally look like?

Best,
Mei Lin
Data Platform Lead | Phoenix Media"
Vertex AI,"Appreciate the details, Mei Lin. For Vertex AI, common starting points include a pilot for one team and a security/compliance review. I can loop in an AE for a quick discovery to tailor SKUs and pricing (incl. annual vs. monthly). Does Tuesday 2:00–2:30 PM work for a discovery call?

Sincerely,
Fred Thompson
SDR | Google"
Vertex AI,"Tuesday 2:00 PM works. Please send the calendar invite and any prep materials or a checklist for security review. If possible, include a quick comparison of tiers and a rough cost estimate.

Best,
Mei Lin
Data Platform Lead | Phoenix Media"
Chronicle Security,"Hello Jamal Carter, I'm Anna Patel, an SDR with Google. I noticed you were exploring Chronicle Security. We have several options that could fit your business needs. Would you have 15–20 mins this week to chat?

Sincerely,
Anna Patel
SDR | Google"
Chronicle Security,"Hi Anna Patel—thanks for reaching out. Yes, we're interested. For context, I'm Jamal Carter, Security Operations Manager at AmeriTrust Insurance. What Chronicle Security options do you recommend for a company in our industry? Also what does pricing generally look like?

Best,
Jamal Carter
Security Operations Manager | AmeriTrust Insurance"
Chronicle Security,"Appreciate the details, Jamal Carter. For Chronicle Security, common starting points include a pilot for one team and a security/compliance review. I can loop in an AE for a quick discovery to tailor SKUs and pricing (incl. annual vs. monthly). Does Tuesday 2:00–2:30 PM work for a discovery call?

Sincerely,
Anna Patel
SDR | Google"
Chronicle Security,"Tuesday 2:00 PM works. Please send the calendar invite and any prep materials or a checklist for security review. If possible, include a quick comparison of tiers and a rough cost estimate.

Best,
Jamal Carter
Security Operations Manager | AmeriTrust Insurance"
BeyondCorp Enterprise,"Hello Hannah Müller, I'm James Liu, an SDR with Google. I noticed you were exploring BeyondCorp Enterprise. We have several options that could fit your business needs. Would you have 15–20 mins this week to chat?

Sincerely,
James Liu
SDR | Google"
BeyondCorp Enterprise,"Hi James Liu—thanks for reaching out. Yes, we're interested. For context, I'm Hannah Müller, IT Director at Alpine Manufacturing. What BeyondCorp Enterprise options do you recommend for a company in our industry? Also what does pricing generally look like?

Best,
Hannah Müller
IT Director | Alpine Manufacturing"
BeyondCorp Enterprise,"Appreciate the details, Hannah Müller. For BeyondCorp Enterprise, common starting points include a pilot for one team and a security/compliance review. I can loop in an AE for a quick discovery to tailor SKUs and pricing (incl. annual vs. monthly). Does Tuesday 2:00–2:30 PM work for a discovery call?

Sincerely,
James Liu
SDR | Google"
BeyondCorp Enterprise,"Tuesday 2:00 PM works. Please send the calendar invite and any prep materials or a checklist for security review. If possible, include a quick comparison of tiers and a rough cost estimate.

Best,
Hannah Müller
IT Director | Alpine Manufacturing"
Google Maps Platform,"Hello Carlos Mendes, I'm Sophia Martinez, an SDR with Google. I noticed you were exploring Google Maps Platform. We have several options that could fit your business needs. Would you have 15–20 mins this week to chat?

Sincerely,
Sophia Martinez
SDR | Google"
Google Maps Platform,"Hi Sophia Martinez—thanks for reaching out. Yes, we're interested. For context, I'm Carlos Mendes, Operations VP at TransPorto. What Google Maps Platform options do you recommend for a company in our industry? Also what does pricing generally look like?

Best,
Carlos Mendes
Operations VP | TransPorto"
Google Maps Platform,"Appreciate the details, Carlos Mendes. For Google Maps Platform, common starting points include a pilot for one team and a security/compliance review. I can loop in an AE for a quick discovery to tailor SKUs and pricing (incl. annual vs. monthly). Does Tuesday 2:00–2:30 PM work for a discovery call?

Sincerely,
Sophia Martinez
SDR | Google"
Google Maps Platform,"Tuesday 2:00 PM works. Please send the calendar invite and any prep materials or a checklist for security review. If possible, include a quick comparison of tiers and a rough cost estimate.

Best,
Carlos Mendes
Operations VP | TransPorto"
Firebase,"Hello Emily Johnson, I'm Ethan Walker, an SDR with Google. I noticed you were exploring Firebase. We have several options that could fit your business needs. Would you have 15–20 mins this week to chat?

Sincerely,
Ethan Walker
SDR | Google"
Firebase,"Hi Ethan Walker—thanks for reaching out. Yes, we're interested. For context, I'm Emily Johnson, Growth Lead at BrightEd Tech. What Firebase options do you recommend for a company in our industry? Also what does pricing generally look like?

Best,
Emily Johnson
Growth Lead | BrightEd Tech"
Firebase,"Appreciate the details, Emily Johnson. For Firebase, common starting points include a pilot for one team and a security/compliance review. I can loop in an AE for a quick discovery to tailor SKUs and pricing (incl. annual vs. monthly). Does Tuesday 2:00–2:30 PM work for a discovery call?

Sincerely,
Ethan Walker
SDR | Google"
Firebase,"Tuesday 2:00 PM works. Please send the calendar invite and any prep materials or a checklist for security review. If possible, include a quick comparison of tiers and a rough cost estimate.

Best,
Emily Johnson
Growth Lead | BrightEd Tech"
ChromeOS Enterprise,"Hello Akira Tanaka, I'm Fred Thompson, an SDR with Google. I noticed you were exploring ChromeOS Enterprise. We have several options that could fit your business needs. Would you have 15–20 mins this week to chat?

Sincerely,
Fred Thompson
SDR | Google"
ChromeOS Enterprise,"Hi Fred Thompson—thanks for reaching out. Yes, we're interested. For context, I'm Akira Tanaka, Device Program Manager at NeoAuto. What ChromeOS Enterprise options do you recommend for a company in our industry? Also what does pricing generally look like?

Best,
Akira Tanaka
Device Program Manager | NeoAuto"
ChromeOS Enterprise,"Appreciate the details, Akira Tanaka. For ChromeOS Enterprise, common starting points include a pilot for one team and a security/compliance review. I can loop in an AE for a quick discovery to tailor SKUs and pricing (incl. annual vs. monthly). Does Tuesday 2:00–2:30 PM work for a discovery call?

Sincerely,
Fred Thompson
SDR | Google"
ChromeOS Enterprise,"Tuesday 2:00 PM works. Please send the calendar invite and any prep materials or a checklist for security review. If possible, include a quick comparison of tiers and a rough cost estimate.

Best,
Akira Tanaka
Device Program Manager | NeoAuto"
Android Enterprise,"Hello Olivia Garcia, I'm Anna Patel, an SDR with Google. I noticed you were exploring Android Enterprise. We have several options that could fit your business needs. Would you have 15–20 mins this week to chat?

Sincerely,
Anna Patel
SDR | Google"
Android Enterprise,"Hi Anna Patel—thanks for reaching out. Yes, we're interested. For context, I'm Olivia Garcia, Mobility Architect at UrbanRide. What Android Enterprise options do you recommend for a company in our industry? Also what does pricing generally look like?

Best,
Olivia Garcia
Mobility Architect | UrbanRide"
Android Enterprise,"Appreciate the details, Olivia Garcia. For Android Enterprise, common starting points include a pilot for one team and a security/compliance review. I can loop in an AE for a quick discovery to tailor SKUs and pricing (incl. annual vs. monthly). Does Tuesday 2:00–2:30 PM work for a discovery call?

Sincerely,
Anna Patel
SDR | Google"
Android Enterprise,"Tuesday 2:00 PM works. Please send the calendar invite and any prep materials or a checklist for security review. If possible, include a quick comparison of tiers and a rough cost estimate.

Best,
Olivia Garcia
Mobility Architect | UrbanRide"
Google Cloud Contact Center AI,"Hello Noah Kim, I'm James Liu, an SDR with Google. I noticed you were exploring Google Cloud Contact Center AI. We have several options that could fit your business needs. Would you have 15–20 mins this week to chat?

Sincerely,
James Liu
SDR | Google"
Google Cloud Contact Center AI,"Hi James Liu—thanks for reaching out. Yes, we're interested. For context, I'm Noah Kim, Call Center Director at Sunrise Utilities. What Google Cloud Contact Center AI options do you recommend for a company in our industry? Also what does pricing generally look like?

Best,
Noah Kim
Call Center Director | Sunrise Utilities"
Google Cloud Contact Center AI,"Appreciate the details, Noah Kim. For Google Cloud Contact Center AI, common starting points include a pilot for one team and a security/compliance review. I can loop in an AE for a quick discovery to tailor SKUs and pricing (incl. annual vs. monthly). Does Tuesday 2:00–2:30 PM work for a discovery call?

Sincerely,
James Liu
SDR | Google"
Google Cloud Contact Center AI,"Tuesday 2:00 PM works. Please send the calendar invite and any prep materials or a checklist for security review. If possible, include a quick comparison of tiers and a rough cost estimate.

Best,
Noah Kim
Call Center Director | Sunrise Utilities"
Duet AI for Developers (Gemini Code Assist),"Hello Rachel Adams, I'm Sophia Martinez, an SDR with Google. I noticed you were exploring Duet AI for Developers (Gemini Code Assist). We have several options that could fit your business needs. Would you have 15–20 mins this week to chat?

Sincerely,
Sophia Martinez
SDR | Google"
Duet AI for Developers (Gemini Code Assist),"Hi Sophia Martinez—thanks for reaching out. Yes, we're interested. For context, I'm Rachel Adams, Engineering Manager at NimbusPay. What Duet AI for Developers (Gemini Code Assist) options do you recommend for a company in our industry? Also what does pricing generally look like?

Best,
Rachel Adams
Engineering Manager | NimbusPay"
Duet AI for Developers (Gemini Code Assist),"Appreciate the details, Rachel Adams. For Duet AI for Developers (Gemini Code Assist), common starting points include a pilot for one team and a security/compliance review. I can loop in an AE for a quick discovery to tailor SKUs and pricing (incl. annual vs. monthly). Does Tuesday 2:00–2:30 PM work for a discovery call?

Sincerely,
Sophia Martinez
SDR | Google"
Duet AI for Developers (Gemini Code Assist),"Tuesday 2:00 PM works. Please send the calendar invite and any prep materials or a checklist for security review. If possible, include a quick comparison of tiers and a rough cost estimate.

Best,
Rachel Adams
Engineering Manager | NimbusPay"
BigQuery,"Hello Ethan Brooks, I'm Ethan Walker, an SDR with Google. I noticed you were exploring BigQuery. We have several options that could fit your business needs. Would you have 15–20 mins this week to chat?

Sincerely,
Ethan Walker
SDR | Google"
BigQuery,"Hi Ethan Walker—thanks for reaching out. Yes, we're interested. For context, I'm Ethan Brooks, Head of Analytics at NorthStar Airlines. What BigQuery options do you recommend for a company in our industry? Also what does pricing generally look like?

Best,
Ethan Brooks
Head of Analytics | NorthStar Airlines"
BigQuery,"Appreciate the details, Ethan Brooks. For BigQuery, common starting points include a pilot for one team and a security/compliance review. I can loop in an AE for a quick discovery to tailor SKUs and pricing (incl. annual vs. monthly). Does Tuesday 2:00–2:30 PM work for a discovery call?

Sincerely,
Ethan Walker
SDR | Google"
BigQuery,"Tuesday 2:00 PM works. Please send the calendar invite and any prep materials or a checklist for security review. If possible, include a quick comparison of tiers and a rough cost estimate.

Best,
Ethan Brooks
Head of Analytics | NorthStar Airlines"
